ID,Rel_News
1,chd_edu_19981215_0002 chd_soc_19980720_0015 cts_soc_19990305_0006 cdn_soc_19981110_0018 chd_soc_19981015_0017 chd_pol_19990502_0013 ctc_dep_19980915_0004 chd_soc_19980820_0012 chd_eco_19990226_0003 chd_for_19990501_0001 cdn_soc_19990108_0018 chd_pol_19980910_0018 chd_soc_19981110_0016 chd_edu_19981113_0001 cts_soc_19981113_0009 chd_edu_19990424_0010 cts_eco_19981215_0001 chd_edu_19990415_0001 cdn_soc_19980530_0027 chd_soc_19990427_0003 cdn_soc_19981111_0018 chd_edu_19990501_0003 chd_pol_19981119_0019 chd_edu_19990109_0002 cte_foc_19990116_0001 chd_edu_19981127_0006 cts_soc_19981122_0009 cdn_soc_19981122_0007 chd_eco_19990226_0001 chd_pol_19990509_0006 cdn_eco_19990227_0004 cte_foc_19990319_0003 cts_for_19981026_0003 cts_soc_19980426_0002 ctc_dep_19981215_0007 cts_soc_19990302_0008 ctc_dep_19981010_0004 cts_soc_19981113_0008 ctc_foc_19980624_0011 cdn_foc_19980909_0003 cdn_eco_19990323_0006 chd_pol_19990502_0010 cdn_eco_19990117_0008 cdn_soc_19981215_0015 chd_soc_19980629_0015 cdn_ent_19980515_0003 cts_soc_19981113_0020 cts_soc_19981010_0002 cdn_foc_19990113_0026 chd_soc_19980901_0017 cts_soc_19990104_0009 cdn_eco_19981101_0012 chd_eco_19990105_0004 cts_soc_19980702_0005 cdn_eco_19990226_0009 chd_pol_19990502_0014 cts_for_19980611_0003 cts_soc_19990501_0009 chd_soc_19990119_0017 cdn_soc_19981021_0007 cdn_eco_19990414_0014 cdn_eco_19990401_0001 cdn_eco_19990421_0006 cts_foc_19990129_0020 cdn_soc_19990129_0002 cts_esy_19981227_0002 ctc_dep_19980819_0002 chd_edu_19980530_0003 cdn_eco_19990413_0007 chd_edu_19990410_0005 cdn_soc_19981119_0005 chd_int_19980904_0003 cdn_soc_19990430_0016 chd_edu_19990414_0001 cdn_foc_19990105_0025 chd_pol_19990429_0019 chd_edu_19990416_0007 cts_eco_19981225_0016 chd_for_19990315_0001 cts_soc_19981010_0004 chd_pol_19990502_0015 chd_edu_19981114_0009 cdn_eco_19990102_0015 cdn_soc_19990114_0014 cts_soc_19990104_0008 ctc_foc_19990205_0013 cts_foc_19981129_0001 chd_soc_19980928_0008 ctc_foc_19981227_0001 cts_soc_19981010_0008 cts_for_19990418_0006 chd_edu_19981113_0002 chd_soc_19980911_0015 cts_soc_19990304_0006 cdn_soc_19981003_0005 ctc_dep_19981225_0005 cdn_soc_19990210_0008 chd_eco_19990501_0007 ctc_foc_19990129_0003 chd_edu_19981114_0004 
2,cte_foc_19980922_0009 chd_spo_19980923_0013 chd_spo_19980804_0009 chd_spo_19980923_0014 cts_spo_19980810_0007 chd_eco_19980928_0016 cts_spo_19981127_0006 cts_spo_19980913_0005 chd_spo_19980923_0010 cts_spo_19980821_0011 cts_spo_19980729_0015 cts_spo_19980731_0010 chd_spo_19980731_0006 cte_foc_19980922_0006 cts_spo_19980923_0014 cts_spo_19980803_0014 cts_spo_19980729_0014 cts_spo_19990119_0013 cts_spo_19980923_0015 cts_spo_19980731_0009 cts_art_19990104_0006 chd_soc_19990301_0009 ctc_dep_19980713_0005 cts_soc_19980922_0020 cdn_eco_19990223_0010 chd_spo_19980804_0008 chd_spo_19980731_0005 cts_spo_19980808_0013 chd_spo_19980923_0017 ctc_fin_19980926_0007 chd_pol_19981202_0008 chd_spo_19980923_0015 cts_ent_19990322_0007 cdn_soc_19980922_0008 cts_ent_19981229_0006 cdn_spo_19980924_0012 cdn_spo_19981204_0007 chd_spo_19980620_0005 chd_spo_19980923_0018 chd_spo_19980923_0011 cdn_spo_19981211_0013 cts_spo_19980923_0012 cdn_spo_19980923_0005 chd_med_19990215_0008 cdn_spo_19981203_0003 cdn_spo_19980923_0009 chd_spo_19980923_0012 cdn_soc_19981202_0011 cdn_spo_19990204_0004 chd_spo_19980923_0016 chd_spo_19980923_0009 cdn_spo_19990205_0002 cdn_spo_19980923_0001 cts_for_19980810_0003 chd_spo_19980731_0007 ctc_fin_19981012_0008 cdn_spo_19980928_0008 cdn_spo_19980923_0007 cdn_spo_19981008_0008 cdn_spo_19980923_0008 cdn_spo_19990413_0006 ctc_mnf_19981004_0003 cts_spo_19980923_0013 cdn_spo_19981215_0015 cts_spo_19981212_0002 chd_spo_19981207_0012 cdn_chi_19980611_0015 cts_eco_19980706_0008 chd_soc_19981024_0018 ctc_dep_19980713_0006 cdn_for_19990127_0002 cts_spo_19990401_0001 chd_ent_19980713_0008 cdn_eco_19981208_0003 cdn_spo_19990319_0003 chd_spo_19990203_0004 cts_foc_19990126_0006 chd_spo_19981128_0009 ctc_fin_19981023_0013 cdn_spo_19981207_0006 cts_spo_19981202_0011 chd_spo_19980627_0007 chd_spo_19990508_0009 cdn_foc_19990408_0020 chd_spo_19981121_0007 cts_ent_19980911_0002 cts_spo_19980708_0011 cts_soc_19980816_0012 cts_spo_19981205_0011 chd_spo_19980519_0006 cts_spo_19980919_0013 cts_foc_19990126_0008 chd_edu_19981005_0009 cts_spo_19981222_0003 cts_foc_19990126_0009 cdn_spo_19981213_0004 chd_ent_19980530_0009 chd_spo_19990125_0010 cts_spo_19981221_0001 cts_foc_19990126_0007 
3,chd_med_19990101_0003 cdn_soc_19980617_0015 cts_soc_19980807_0001 cts_soc_19981023_0017 cdn_soc_19990308_0002 cdn_soc_19990124_0011 cdn_soc_19981015_0017 cts_soc_19980527_0009 cts_soc_19980916_0004 cdn_foc_19990101_0027 cdn_foc_19980926_0018 cts_soc_19980527_0029 ctc_eco_19980617_0002 cdn_soc_19980920_0009 cts_soc_19980508_0011 cts_soc_19990322_0004 cdn_soc_19981203_0009 cdn_soc_19990308_0001 cts_int_19980916_0004 chd_med_19990325_0001 cdn_soc_19990325_0005 chd_for_19990101_0003 cts_soc_19980617_0003 cdn_foc_19990323_0023 chd_soc_19990127_0007 chd_med_19990320_0005 cte_foc_19980708_0008 cts_soc_19990323_0026 cte_foc_19990319_0008 cts_soc_19980528_0021 cte_foc_19990325_0005 cts_soc_19980521_0001 chd_med_19990101_0004 cdn_foc_19990323_0026 cts_soc_19990308_0023 cts_soc_19980807_0008 chd_med_19981127_0001 chd_med_19990109_0005 cte_foc_19980806_0006 chd_for_19990320_0002 cte_foc_19981231_0015 cdn_soc_19990324_0006 cdn_soc_19980920_0010 cts_soc_19980624_0001 cts_soc_19980920_0019 cdn_foc_19990101_0026 chd_med_19990327_0002 chd_med_19990320_0001 cdn_soc_19990324_0001 cdn_soc_19990324_0003 cts_soc_19980624_0012 cte_foc_19990321_0015 chd_med_19980807_0004 cts_soc_19981015_0012 chd_med_19990324_0014 chd_med_19980904_0017 cte_foc_19990307_0007 ctc_eco_19980617_0006 cdn_soc_19980524_0004 chd_med_19990109_0006 chd_med_19990320_0002 cdn_soc_19990308_0003 cdn_soc_19980530_0025 cts_soc_19980719_0006 cdn_foc_19990101_0028 chd_med_19980922_0038 chd_med_19990321_0004 chd_med_19981015_0001 chd_eco_19980902_0026 chd_med_19990320_0004 cte_foc_19990307_0013 cte_foc_19981231_0010 cte_foc_19990322_0015 cts_soc_19990329_0013 chd_med_19990321_0003 ctc_dep_19980709_0002 cts_for_19990321_0006 chd_med_19990101_0006 cdn_soc_19980807_0011 chd_med_19980620_0007 cts_soc_19980617_0015 cts_soc_19980629_0007 cdn_soc_19980701_0015 cdn_soc_19990325_0001 cts_soc_19980530_0010 cts_int_19980701_0001 cdn_soc_19980710_0022 chd_med_19990309_0002 chd_med_19990309_0003 chd_med_19990101_0001 cts_soc_19980719_0001 cdn_soc_19990321_0006 cdn_soc_19990321_0004 cts_soc_19980629_0001 chd_med_19990105_0004 cdn_soc_19990322_0015 cdn_soc_19980523_0029 chd_med_19980902_0015 chd_med_19990321_0001 cdn_foc_19990101_0003 
4,chd_pol_19990407_0026 cts_chi_19990327_0003 cdn_foc_19990329_0018 chd_pol_19990407_0024 chd_ent_19990403_0001 ctc_foc_19990328_0002 cts_chi_19980613_0006 cdn_ent_19980611_0003 chd_pol_19990329_0011 chd_chi_19980601_0003 chd_pol_19990330_0009 chd_pol_19990328_0005 chd_pol_19990330_0011 chd_pol_19990329_0012 cts_chi_19990304_0009 chd_pol_19990412_0005 cts_chi_19990331_0007 cts_chi_19990330_0009 chd_pol_19990330_0010 ctc_chi_19981111_0010 cdn_foc_19990330_0015 chd_pol_19990328_0006 cts_chi_19990117_0003 cts_chi_19990330_0001 cts_chi_19990121_0009 cts_chi_19990405_0002 cts_chi_19990329_0010 cdn_foc_19980605_0029 chd_int_19990411_0004 cts_chi_19990401_0009 cts_chi_19980606_0008 cts_chi_19990329_0009 cts_chi_19980625_0005 cts_pol_19990411_0008 cdn_foc_19990329_0019 cts_chi_19980526_0003 cts_chi_19990329_0005 cts_chi_19980509_0002 ctc_chi_19990329_0005 cts_chi_19990330_0003 chd_chi_19980622_0002 ctc_chi_19980605_0004 cts_chi_19980425_0002 cts_chi_19990325_0007 cts_chi_19990327_0002 chd_chi_19990309_0003 cdn_chi_19990423_0007 cdn_chi_19981109_0003 cdn_chi_19990401_0001 cdn_chi_19980605_0001 cdn_chi_19980613_0003 chd_chi_19990403_0004 cdn_chi_19980811_0002 cdn_chi_19980602_0004 cts_chi_19990328_0007 cdn_chi_19980525_0005 cdn_chi_19990416_0005 cdn_chi_19990327_0006 cdn_chi_19990308_0006 cdn_chi_19990402_0004 cdn_chi_19990331_0003 cdn_foc_19980605_0028 cdn_chi_19980603_0001 cdn_chi_19980605_0003 cdn_chi_19980601_0001 cdn_chi_19990117_0004 cdn_chi_19980508_0011 cdn_chi_19980608_0004 cdn_chi_19990422_0005 cdn_foc_19980605_0024 cts_art_19990329_0006 cdn_foc_19990405_0017 cdn_chi_19980606_0003 cdn_chi_19990116_0002 cdn_chi_19990318_0004 cte_foc_19990329_0004 cdn_chi_19980826_0005 cdn_chi_19990402_0003 cdn_foc_19990329_0020 cdn_chi_19980622_0008 cts_chi_19980603_0009 cdn_chi_19981117_0010 cdn_chi_19990405_0001 cdn_chi_19980604_0001 cdn_for_19980613_0002 cdn_foc_19990330_0016 chd_ent_19990403_0013 cts_art_19990330_0006 cte_foc_19990404_0013 cts_pol_19990411_0006 chd_chi_19980601_0002 cts_for_19990330_0005 cdn_foc_19980628_0001 cts_chi_19980605_0003 chd_chi_19990222_0002 cdn_chi_19980601_0002 cdn_chi_19990304_0008 cdn_ent_19990330_0005 cts_chi_19990503_0002 cdn_for_19980629_0003 
5,cts_int_19981119_0006 cdn_foc_19980817_0011 cdn_foc_19990427_0011 ctc_dep_19980703_0002 cts_eco_19981004_0009 ctc_foc_19980613_0013 chd_eco_19981109_0003 cdn_for_19980610_0002 cte_foc_19981222_0007 ctc_dep_19981012_0001 ctc_foc_19980701_0002 ctc_fin_19981028_0009 chd_eco_19980622_0008 cdn_ent_19980611_0002 ctc_foc_19990322_0007 chd_eco_19981101_0019 cts_eco_19980713_0010 ctc_foc_19990404_0011 ctc_foc_19981013_0003 cdn_eco_19981125_0001 ctc_fin_19990330_0001 cts_int_19980418_0001 ctc_eco_19981228_0005 cte_esy_19980619_0001 cts_eco_19981117_0016 cte_foc_19981222_0013 ctc_foc_19980524_0011 cts_for_19980825_0001 cte_foc_19980829_0015 cts_for_19981020_0006 cte_foc_19980827_0008 cdn_soc_19990225_0006 ctc_eco_19990205_0007 ctc_eco_19980910_0006 ctc_eco_19980709_0003 ctc_fin_19990426_0003 cdn_eco_19981123_0004 cte_foc_19981004_0009 ctc_eco_19980918_0002 chd_chi_19990403_0005 cts_int_19981006_0004 cte_foc_19980904_0005 cts_int_19980802_0007 cdn_soc_19990105_0004 ctc_eco_19980609_0006 ctc_foc_19981010_0010 ctc_eco_19980630_0002 ctc_eco_19981111_0005 cts_for_19981006_0008 chd_int_19980708_0005 cts_foc_19980327_0005 chd_pol_19981119_0007 cts_eco_19981223_0009 cdn_eco_19981017_0009 cts_for_19980727_0004 chd_chi_19980928_0005 cts_eco_19980709_0009 chd_int_19980910_0001 ctc_fin_19981015_0005 ctc_eco_19981117_0004 cdn_eco_19990429_0006 ctc_foc_19980618_0015 chd_for_19981030_0002 ctc_eco_19980718_0004 ctc_dep_19981127_0001 chd_for_19980814_0001 ctc_eco_19981008_0001 cts_eco_19980816_0005 cts_foc_19980824_0001 cts_eco_19981025_0002 ctc_foc_19980617_0013 ctc_eco_19981023_0004 ctc_foc_19981211_0006 cts_foc_19980610_0001 cts_eco_19980726_0007 chd_pol_19981119_0005 ctc_eco_19981224_0007 cts_int_19990118_0007 cts_eco_19990118_0015 ctc_dep_19980608_0002 ctc_eco_19990114_0005 cts_int_19980616_0005 chd_eco_19980607_0013 cts_int_19990118_0001 cts_eco_19981017_0009 ctc_foc_19981129_0006 ctc_foc_19981013_0001 ctc_eco_19980818_0005 ctc_foc_19990328_0012 ctc_eco_19990302_0005 cts_eco_19981125_0002 cts_foc_19980610_0003 cts_chi_19980826_0009 ctc_eco_19980723_0002 cts_eco_19981026_0004 ctc_fin_19981116_0004 ctc_eco_19980827_0004 cdn_foc_19990426_0012 cdn_foc_19980909_0010 cte_foc_19990114_0010 
6,cts_foc_19980905_0013 cts_int_19981202_0004 cts_int_19980902_0003 cts_int_19980901_0001 chd_int_19990327_0001 chd_int_19990313_0001 cts_foc_19980904_0002 cts_foc_19990308_0011 cts_int_19990116_0005 chd_int_19980902_0001 cts_int_19980904_0009 cts_int_19990116_0001 cts_int_19980901_0007 cts_for_19980907_0008 cts_int_19990321_0007 cts_int_19980901_0010 cts_int_19990109_0002 cts_int_19980617_0004 cts_int_19990321_0002 cts_int_19990401_0010 chd_int_19990109_0001 cts_int_19980911_0003 cte_foc_19980905_0002 chd_int_19990326_0003 chd_int_19980904_0005 cts_int_19980902_0008 chd_int_19980617_0001 cts_int_19980903_0002 cts_int_19980902_0013 cts_int_19990109_0001 cdn_foc_19980902_0003 cts_int_19990205_0010 cdn_foc_19981122_0009 cts_int_19980905_0009 chd_int_19980904_0004 cts_int_19990204_0002 cts_pol_19990207_0002 cdn_foc_19980906_0014 cts_int_19980908_0010 cts_int_19981212_0008 chd_int_19980917_0025 cts_int_19980604_0007 cts_int_19990408_0005 chd_int_19981122_0004 cdn_foc_19990112_0029 ctc_chi_19990112_0006 cts_foc_19980905_0012 cts_int_19981018_0007 cdn_for_19980907_0001 ctc_eco_19980901_0005 cts_int_19980905_0008 chd_int_19980907_0017 cts_int_19981123_0001 cts_int_19970920_0001 chd_int_19980903_0002 cts_foc_19980905_0004 cts_int_19981212_0001 cts_int_19990117_0001 cts_chi_19980909_0005 cts_int_19980902_0005 cts_int_19980604_0006 chd_int_19990311_0006 cts_int_19990311_0010 cts_int_19990309_0008 cts_int_19990205_0008 cts_int_19980820_0008 cts_int_19990314_0003 cts_int_19981223_0003 chd_for_19980907_0001 cts_int_19980902_0004 cts_int_19981120_0010 chd_int_19980917_0005 cts_int_19990117_0007 cts_int_19990102_0005 cts_int_19980902_0014 cts_int_19980908_0009 cts_int_19970412_0001 chd_int_19990318_0004 chd_int_19981204_0001 cts_int_19990318_0003 cts_int_19990322_0006 chd_int_19980701_0003 cts_int_19980905_0001 chd_int_19990310_0002 cts_int_19981223_0005 chd_int_19980907_0014 ctc_foc_19980803_0001 chd_int_19980904_0002 cdn_foc_19990113_0027 cts_int_19980906_0013 cdn_foc_19990314_0009 chd_int_19990108_0004 cts_pol_19990102_0009 cts_foc_19980905_0005 cts_int_19981022_0006 cts_int_19980906_0001 chd_int_19990310_0004 cts_int_19990318_0012 cts_int_19981022_0007 cts_int_19980818_0008 
7,chd_med_19990331_0001 cdn_soc_19990221_0005 cdn_soc_19990318_0002 chd_med_19980622_0007 cdn_soc_19980608_0008 cts_soc_19970524_0001 cdn_soc_19980623_0009 chd_for_19981217_0002 chd_med_19980814_0002 chd_for_19980813_0002 cts_soc_19980518_0013 cts_for_19980811_0002 chd_chi_19981030_0004 cts_soc_19981122_0006 cts_soc_19981119_0008 cdn_soc_19990113_0014 cdn_soc_19980804_0012 cdn_ent_19980518_0004 cdn_soc_19980818_0014 cdn_soc_19981215_0008 chd_int_19980706_0004 chd_int_19981126_0006 chd_med_19980518_0002 chd_med_19990227_0004 chd_med_19990213_0003 chd_med_19990407_0001 cts_soc_19981201_0005 chd_med_19980922_0015 cts_soc_19980802_0009 cdn_soc_19990318_0001 chd_med_19981215_0001 chd_med_19980827_0010 cts_int_19990203_0004 cts_soc_19980812_0008 cdn_soc_19980909_0015 chd_med_19980622_0016 chd_med_19980815_0009 cdn_soc_19981009_0011 chd_med_19990407_0002 chd_med_19990301_0005 cdn_soc_19980802_0012 chd_med_19990301_0004 chd_med_19981111_0014 chd_med_19980623_0011 chd_med_19980812_0004 cdn_soc_19990226_0009 chd_med_19981120_0003 chd_med_19980829_0001 cdn_soc_19990428_0018 chd_med_19980819_0002 chd_med_19990113_0009 cdn_soc_19980812_0015 chd_med_19990423_0001 cdn_soc_19980802_0013 cdn_chi_19980521_0006 chd_med_19980925_0001 chd_med_19981121_0002 chd_med_19980720_0008 chd_med_19981009_0005 chd_med_19981121_0003 cts_soc_19990228_0015 chd_med_19980826_0001 cts_soc_19981009_0011 cts_soc_19980810_0003 cdn_soc_19980815_0015 cts_soc_19980810_0016 chd_med_19980812_0003 chd_med_19980605_0005 cdn_soc_19981215_0009 chd_med_19981024_0020 chd_chi_19990417_0003 cts_soc_19980808_0002 chd_med_19990318_0011 cts_for_19981011_0005 chd_med_19980910_0026 cts_soc_19990228_0016 chd_med_19981121_0004 chd_med_19981113_0003 chd_med_19980819_0004 cte_foc_19980814_0015 chd_med_19990114_0001 cts_soc_19990301_0026 chd_med_19981114_0013 cts_int_19990201_0009 cts_soc_19990331_0007 cdn_soc_19990226_0011 chd_med_19980618_0002 cdn_soc_19980710_0014 chd_med_19980808_0001 cts_soc_19981119_0002 chd_med_19981128_0002 chd_med_19980706_0004 chd_med_19980627_0012 chd_med_19981112_0011 cts_soc_19980815_0015 chd_med_19980818_0002 chd_med_19980815_0001 cdn_soc_19980618_0005 cdn_soc_19980703_0019 cdn_soc_19990331_0006 
8,chd_soc_19990201_0007 chd_soc_19990201_0009 cts_esy_19980926_0002 cdn_soc_19990330_0010 chd_soc_19990426_0013 cdn_soc_19981222_0008 chd_soc_19980730_0010 chd_soc_19980609_0016 chd_pol_19981028_0024 cts_spo_19990227_0001 cte_foc_19981013_0007 cdn_soc_19981224_0003 cdn_spo_19981230_0008 chd_soc_19980629_0013 cdn_soc_19980613_0021 chd_pol_19981110_0006 chd_soc_19990209_0002 cts_art_19981130_0001 chd_soc_19981114_0019 chd_soc_19980917_0035 cts_soc_19981112_0011 chd_pol_19980515_0008 cts_soc_19980527_0015 cts_soc_19980711_0011 cts_soc_19990102_0011 chd_chi_19981230_0006 cts_soc_19990507_0023 cdn_soc_19980902_0013 chd_pol_19981110_0005 cdn_chi_19981005_0009 chd_pol_19990102_0010 cts_soc_19981218_0006 cts_soc_19981224_0009 chd_med_19981128_0002 chd_soc_19980821_0004 cdn_soc_19981201_0019 chd_med_19990508_0008 chd_med_19981215_0002 chd_med_19981216_0007 chd_med_19990417_0009 chd_med_19981112_0008 cts_foc_19970512_0001 chd_med_19981208_0010 cdn_edu_19990425_0002 chd_soc_19981028_0005 chd_med_19990227_0006 cdn_edu_19981103_0008 cdn_loc_19990319_0007 chd_spo_19980603_0006 cdn_edu_19981123_0013 chd_med_19990209_0017 chd_med_19981009_0008 cdn_edu_19990112_0007 cdn_for_19981110_0001 cdn_edu_19981103_0005 cts_pol_19981229_0017 chd_soc_19990427_0001 cdn_for_19990427_0001 cdn_for_19990116_0003 cdn_foc_19990422_0025 chd_for_19990426_0003 chd_soc_19981113_0009 chd_for_19981217_0002 chd_for_19990109_0002 chd_for_19981218_0002 chd_for_19990103_0003 chd_for_19981015_0002 chd_for_19980714_0003 cte_foc_19981104_0001 chd_ent_19980705_0014 cdn_foc_19990423_0025 chd_ent_19980922_0010 chd_edu_19990112_0004 chd_spo_19980602_0006 cdn_foc_19981110_0011 chd_edu_19980516_0004 cts_for_19990423_0004 cts_for_19990420_0004 cts_for_19990428_0007 chd_edu_19980727_0005 cts_for_19990421_0006 cts_for_19990424_0005 cts_for_19981204_0006 cts_for_19990329_0007 chd_edu_19990424_0012 cts_for_19980917_0005 chd_edu_19980911_0005 cts_for_19980917_0009 cts_for_19990422_0006 cdn_foc_19990422_0028 chd_soc_19981128_0015 chd_edu_19990109_0003 cts_spo_19980912_0012 chd_soc_19980823_0001 cdn_soc_19980609_0013 cts_art_19981130_0003 chd_pol_19980613_0006 chd_med_19980923_0001 cdn_edu_19990416_0004 cdn_loc_19980718_0003 
9,cts_int_19990329_0001 ctc_cgo_19980810_0006 cdn_chi_19980716_0009 cts_int_19990325_0005 cts_int_19990321_0001 cts_foc_19980716_0002 chd_pol_19980609_0007 cdn_soc_19980710_0005 chd_eco_19981212_0020 cdn_loc_19990325_0004 cdn_foc_19980713_0015 chd_pol_19990304_0016 cts_chi_19981227_0004 ctc_cgo_19980612_0001 cdn_soc_19980711_0008 cts_chi_19980609_0008 chd_med_19990127_0010 cts_chi_19980124_0001 cts_soc_19990311_0010 cts_soc_19980609_0005 chd_pol_19980628_0005 ctc_cgo_19981123_0004 chd_soc_19990426_0006 cdn_foc_19980718_0012 chd_spo_19980630_0009 cts_art_19960628_0001 chd_pol_19980524_0019 cts_soc_19980628_0007 cdn_foc_19980525_0027 cdn_loc_19980707_0001 chd_soc_19981216_0002 cdn_loc_19980804_0001 ctc_cgo_19981214_0004 cts_art_19950914_0001 cdn_loc_19990301_0001 cdn_loc_19980926_0005 cts_foc_19981017_0027 cts_art_19990111_0005 chd_eco_19980713_0007 chd_soc_19990315_0002 cdn_for_19980603_0002 chd_int_19990325_0005 cdn_loc_19980930_0004 chd_eco_19980608_0005 cts_soc_19980821_0001 cts_int_19970803_0001 cdn_soc_19990108_0011 cdn_foc_19980508_0003 chd_edu_19990131_0005 chd_edu_19981210_0004 chd_pol_19980526_0041 ctc_mnf_19981011_0006 ctc_eco_19980822_0002 cts_foc_19981018_0011 cte_foc_19980709_0006 cte_foc_19981016_0004 cts_soc_19981020_0014 chd_edu_19990125_0022 chd_edu_19990125_0024 ctc_chi_19990227_0002 cdn_loc_19981106_0004 cts_int_19990421_0002 cdn_loc_19990417_0005 cdn_loc_19980712_0004 chd_edu_19990314_0002 cdn_loc_19980519_0006 cte_foc_19990226_0016 chd_edu_19980705_0019 chd_for_19980717_0002 cts_soc_19980713_0011 cts_chi_19980815_0003 cdn_soc_19980610_0016 cts_soc_19980713_0010 chd_edu_19981102_0008 chd_eco_19980805_0016 cts_chi_19980602_0007 chd_for_19990224_0001 cte_foc_19981013_0015 cts_foc_19980721_0016 cts_soc_19980920_0014 chd_soc_19990311_0009 chd_pol_19990114_0018 cts_chi_19981205_0007 cts_chi_19990406_0008 cts_soc_19981015_0021 cts_foc_19981017_0028 cts_foc_19970806_0001 cdn_loc_19990420_0001 cdn_eco_19990308_0003 cdn_soc_19980628_0016 cdn_foc_19980609_0004 cts_soc_19980822_0001 ctc_chi_19980921_0003 chd_int_19990301_0001 cts_soc_19980616_0014 chd_pol_19981003_0002 cts_foc_19970731_0002 chd_edu_19980713_0002 cdn_soc_19980905_0011 chd_int_19980623_0001 
10,chd_eco_19990321_0008 chd_for_19990412_0001 cdn_foc_19990410_0002 cts_soc_19990408_0019 cte_foc_19990303_0003 cts_soc_19980909_0005 cte_foc_19990407_0002 ctc_tec_19981216_0007 cte_foc_19990119_0001 chd_eco_19990324_0004 cts_for_19990413_0003 chd_edu_19990410_0004 ctc_tec_19981223_0011 ctc_tec_19981026_0008 cts_int_19981228_0006 cts_eco_19990127_0002 ctc_cgo_19981022_0001 cts_soc_19981216_0015 ctc_chi_19980917_0007 ctc_tec_19981008_0011 cts_soc_19990404_0009 ctc_tec_19990223_0009 ctc_tec_19981026_0003 ctc_dep_19981111_0001 cts_soc_19981219_0002 cdn_soc_19990201_0005 ctc_fin_19981223_0010 cdn_soc_19990410_0006 ctc_tec_19990223_0010 ctc_tec_19990329_0004 ctc_tec_19981026_0009 ctc_foc_19990304_0005 chd_chi_19990508_0004 ctc_tec_19981218_0008 ctc_tec_19980915_0008 ctc_tec_19981216_0006 cts_eco_19981213_0002 chd_for_19990227_0003 ctc_tec_19990301_0006 ctc_tec_19981008_0010 cte_foc_19990226_0005 cdn_soc_19990117_0008 cdn_soc_19990128_0002 cts_eco_19981222_0017 ctc_tec_19981216_0018 ctc_tec_19981026_0002 cdn_foc_19990329_0002 cdn_eco_19980921_0007 ctc_tec_19981026_0004 ctc_eco_19990128_0001 cts_eco_19990118_0006 chd_for_19990104_0001 ctc_tec_19981114_0005 ctc_tec_19990121_0003 cts_soc_19990304_0013 ctc_tec_19990108_0001 cdn_eco_19980921_0005 cts_soc_19980909_0018 chd_for_19990304_0001 ctc_tec_19981217_0007 ctc_sto_19981225_0015 ctc_tec_19981210_0008 cts_soc_19981216_0016 ctc_mnf_19981213_0010 ctc_tec_19990114_0009 cts_int_19990303_0006 ctc_tec_19981209_0010 ctc_tec_19990329_0005 cdn_eco_19980921_0010 cte_foc_19990401_0001 cts_eco_19981210_0002 ctc_tec_19981026_0010 cts_eco_19981222_0012 ctc_tec_19990116_0002 ctc_eco_19990401_0007 ctc_tec_19990111_0009 ctc_tec_19980708_0008 ctc_tec_19981216_0009 cdn_soc_19990103_0004 ctc_fin_19980727_0006 ctc_tec_19990114_0010 ctc_tec_19990129_0007 chd_edu_19990416_0001 ctc_tec_19990330_0011 ctc_tec_19990111_0008 ctc_tec_19981127_0008 cdn_soc_19990125_0009 cts_soc_19990304_0012 cte_sto_19990301_0006 cte_foc_19990111_0001 cte_foc_19990303_0002 cts_soc_19990325_0003 cts_eco_19990102_0014 ctc_tec_19990325_0005 cdn_soc_19990103_0003 cte_foc_19990119_0002 ctc_tec_19981221_0001 cte_foc_19981214_0009 ctc_tec_19981020_0004 cts_art_19990504_0006 
11,cts_esy_19981120_0001 cts_for_19980714_0007 chd_pol_19980515_0036 chd_pol_19980917_0051 chd_edu_19981210_0009 cts_foc_19980814_0010 chd_med_19990129_0003 cts_foc_19980929_0006 cdn_eco_19990324_0007 cdn_for_19990116_0002 cts_pol_19980818_0002 cdn_foc_19980930_0028 cts_soc_19980614_0012 ctc_mnf_19981015_0008 cts_foc_19980930_0011 ctc_mnf_19990116_0005 cts_soc_19980925_0012 ctc_chi_19981211_0001 cts_int_19990304_0006 cts_chi_19981220_0004 chd_pol_19980930_0012 cts_soc_19970605_0003 cdn_foc_19990331_0021 ctc_tec_19981027_0015 cts_int_19990107_0004 cts_ent_19980816_0007 chd_pol_19980930_0013 chd_pol_19981121_0033 cts_chi_19981216_0006 cte_foc_19980929_0006 cts_ent_19981220_0002 cts_int_19990108_0002 chd_int_19980708_0001 chd_pol_19981001_0005 cdn_foc_19980929_0028 chd_chi_19980605_0001 cts_soc_19980617_0025 cts_art_19981027_0005 cdn_eco_19981010_0008 chd_edu_19981222_0008 chd_pol_19990331_0002 cts_soc_19980614_0006 cts_esy_19980820_0001 chd_int_19980620_0003 cts_foc_19990317_0004 ctc_eco_19980617_0001 chd_pol_19990122_0015 chd_pol_19990324_0021 cdn_eco_19981127_0006 cts_int_19990222_0004 cts_int_19990222_0005 cts_for_19980707_0007 ctc_foc_19990501_0006 cts_soc_19980617_0024 ctc_foc_19990418_0001 chd_edu_19980620_0011 chd_spo_19980612_0013 chd_for_19981212_0002 cdn_foc_19990331_0001 cts_ent_19990314_0010 cdn_eco_19990320_0003 chd_med_19981220_0007 cdn_chi_19980803_0005 cts_soc_19980812_0013 cts_ent_19990112_0015 chd_ent_19990112_0003 cte_foc_19990115_0006 cts_for_19981127_0003 ctc_chi_19980522_0006 cts_soc_19980829_0016 chd_pol_19980826_0020 cdn_soc_19981229_0011 cts_for_19981006_0007 chd_chi_19980517_0003 cts_int_19980507_0001 chd_med_19980910_0001 chd_pol_19981012_0012 cts_eco_19980904_0005 chd_for_19990403_0001 cts_soc_19980712_0004 cdn_chi_19980719_0006 chd_med_19980626_0011 cts_soc_19981209_0005 cts_soc_19980827_0025 chd_med_19990111_0012 cdn_for_19980826_0001 cte_foc_19990105_0009 chd_soc_19980815_0003 chd_soc_19981009_0008 ctc_cgo_19990310_0002 cts_for_19980609_0004 chd_edu_19990326_0001 chd_med_19980604_0001 cts_chi_19981007_0002 cts_eco_19990501_0007 cts_pol_19980915_0002 ctc_chi_19990126_0008 cts_for_19980818_0004 cts_int_19990303_0011 cts_foc_19980818_0013 
12,cts_pol_19990210_0004 cts_foc_19990201_0003 cts_int_19981124_0006 cts_foc_19990408_0010 ctc_dep_19990128_0006 cts_for_19990226_0006 cts_foc_19980627_0005 cts_foc_19990201_0001 ctc_foc_19981019_0005 cts_for_19981030_0009 cts_chi_19980828_0001 cdn_foc_19990208_0006 cts_foc_19990201_0002 cdn_foc_19990210_0001 cdn_foc_19990223_0015 chd_pol_19981015_0013 chd_int_19990217_0002 chd_pol_19990321_0023 cts_foc_19990203_0004 chd_chi_19981106_0001 cts_for_19980802_0006 cdn_foc_19990211_0008 cts_int_19980604_0005 cts_foc_19990204_0001 chd_pol_19990129_0001 cts_foc_19990201_0004 cts_foc_19990203_0006 cdn_foc_19980616_0003 cts_pol_19990302_0006 cts_foc_19990204_0002 chd_pol_19980728_0014 cts_foc_19981019_0011 cdn_foc_19980720_0004 cts_pol_19990204_0004 chd_pol_19990203_0004 cdn_foc_19990128_0001 cts_chi_19981218_0005 cts_pol_19990201_0002 cdn_foc_19990214_0002 cts_chi_19980713_0006 cts_for_19981022_0007 cts_for_19980623_0007 cts_foc_19990204_0005 cts_pol_19990205_0021 cts_foc_19990408_0014 cts_pol_19990205_0001 cts_int_19990223_0005 cdn_chi_19990211_0003 cts_foc_19990210_0023 cts_int_19990130_0008 cdn_foc_19990205_0004 cte_foc_19990128_0015 cdn_foc_19990201_0019 cts_pol_19990206_0007 ctc_dep_19981121_0001 cts_foc_19990206_0002 cts_for_19980925_0010 cts_for_19980901_0006 chd_pol_19990203_0006 cts_pol_19990201_0001 cts_chi_19980828_0009 cts_foc_19990131_0001 chd_for_19980903_0001 cdn_chi_19981117_0011 cdn_foc_19990130_0005 cdn_foc_19981019_0020 cdn_foc_19980902_0005 cdn_foc_19990404_0009 cts_pol_19990303_0007 cte_foc_19990226_0002 cts_chi_19990425_0006 cts_pol_19990205_0019 cdn_chi_19981103_0012 cdn_foc_19980704_0009 chd_pol_19990129_0010 chd_pol_19981019_0003 cts_foc_19980902_0002 cdn_for_19981027_0002 cts_chi_19971229_0002 cts_for_19990504_0005 ctc_chi_19990227_0004 cts_chi_19980717_0001 cdn_foc_19980801_0001 chd_pol_19990201_0023 cts_pol_19980801_0008 cts_foc_19990204_0004 cts_foc_19990129_0019 cts_foc_19990129_0002 cts_foc_19981015_0002 ctc_foc_19990412_0008 cdn_chi_19980806_0002 cte_foc_19990203_0014 cts_pol_19990227_0013 cts_pol_19990302_0007 cdn_foc_19990205_0006 chd_chi_19990410_0002 cts_foc_19990210_0020 cdn_for_19990208_0001 cts_pol_19990210_0001 ctc_chi_19981118_0001 
13,cdn_foc_19990227_0023 cts_pol_19990122_0002 cdn_foc_19981122_0011 cdn_for_19990304_0002 cts_foc_19990319_0019 cdn_foc_19990321_0017 chd_chi_19990211_0001 cdn_foc_19990320_0021 cdn_foc_19990211_0004 cts_foc_19990227_0013 cts_chi_19990127_0011 cts_int_19990227_0001 cts_foc_19990112_0017 ctc_chi_19990211_0006 cdn_foc_19990214_0006 chd_pol_19990310_0005 chd_int_19990227_0004 cts_chi_19990330_0007 cts_chi_19990303_0005 cts_pol_19990211_0009 chd_int_19990319_0004 cdn_foc_19990316_0003 cts_chi_19990125_0008 chd_pol_19990310_0021 cdn_foc_19990204_0009 cts_foc_19990206_0006 cdn_foc_19990320_0020 cts_chi_19990329_0012 cts_chi_19990330_0008 cdn_foc_19990430_0010 cts_chi_19990128_0005 cte_foc_19990226_0002 cts_foc_19990227_0011 cts_chi_19990421_0003 cdn_foc_19980811_0009 cts_int_19980902_0004 cdn_foc_19990422_0010 chd_int_19981115_0001 cts_int_19980710_0002 cts_for_19980715_0008 cts_foc_19971002_0001 cts_int_19970412_0001 cdn_foc_19990316_0001 cts_foc_19981124_0010 cdn_foc_19990214_0007 chd_chi_19990219_0004 cts_foc_19990310_0008 cts_pol_19981223_0009 cdn_foc_19990426_0001 cts_foc_19990103_0007 ctc_chi_19990227_0003 cdn_foc_19990112_0024 chd_int_19990313_0001 cdn_foc_19990416_0001 chd_int_19981211_0002 chd_pol_19990321_0012 cdn_chi_19990325_0005 cts_chi_19990108_0006 cts_chi_19990422_0007 ctc_chi_19990227_0001 cts_pol_19990317_0007 cdn_foc_19990430_0001 chd_pol_19990211_0005 cdn_foc_19990319_0024 chd_pol_19990430_0001 cts_int_19980902_0008 cts_foc_19980514_0003 cte_foc_19990428_0014 cdn_foc_19990319_0027 cdn_foc_19981113_0020 cdn_foc_19980517_0021 cte_foc_19990429_0009 cdn_foc_19990325_0024 cte_foc_19990226_0001 cdn_foc_19990327_0005 ctc_chi_19990304_0004 chd_int_19981112_0002 cts_pol_19990114_0009 cdn_foc_19990226_0002 cts_int_19980711_0009 cts_pol_19990303_0003 cts_chi_19971002_0002 chd_pol_19990219_0001 chd_pol_19990421_0010 cdn_for_19990214_0002 cts_pol_19990325_0010 cts_chi_19990411_0006 chd_for_19990310_0001 cts_pol_19990303_0004 cts_foc_19980710_0010 cdn_foc_19990304_0002 cdn_foc_19980517_0020 cdn_foc_19990224_0011 cdn_foc_19980702_0010 chd_pol_19990430_0002 cts_foc_19990227_0018 cts_int_19980903_0002 cdn_for_19990115_0002 cts_for_19981202_0007 cts_foc_19990408_0014 
14,cts_int_19980908_0004 cdn_spo_19980907_0002 cts_int_19990121_0001 cts_int_19980422_0002 cts_int_19970808_0001 cts_int_19981209_0002 cdn_soc_19980908_0011 cts_int_19981026_0008 cts_int_19980114_0001 cts_int_19980723_0011 cdn_soc_19980724_0020 cts_int_19980827_0002 cdn_soc_19980724_0015 cts_soc_19981111_0018 cdn_soc_19980917_0013 cte_foc_19981212_0003 cts_int_19970808_0002 cts_int_19980208_0001 chd_edu_19981114_0001 cts_int_19980706_0010 cts_int_19980707_0007 cts_for_19981030_0008 cte_foc_19980911_0008 cdn_soc_19990116_0006 cts_soc_19981021_0011 chd_med_19981220_0005 cts_soc_19981001_0001 cdn_ent_19980530_0001 chd_soc_19980801_0028 cdn_foc_19990429_0012 cdn_soc_19980724_0019 chd_eco_19990209_0001 ctc_mnf_19990423_0004 chd_edu_19990104_0008 chd_eco_19990123_0013 cdn_soc_19981223_0015 cts_esy_19980811_0001 cts_soc_19981014_0009 cdn_foc_19990429_0014 ctc_mnf_19981216_0016 cts_int_19971220_0001 cte_foc_19980929_0002 chd_eco_19980911_0025 cts_for_19980909_0002 cdn_soc_19980906_0020 chd_eco_19980910_0003 cdn_soc_19990429_0013 chd_eco_19980917_0026 chd_soc_19990403_0012 cdn_soc_19981017_0012 cts_art_19980911_0003 cdn_soc_19990417_0003 chd_eco_19980531_0007 chd_edu_19981225_0016 chd_eco_19981202_0020 cts_int_19981010_0012 cts_int_19981210_0007 cdn_ent_19981231_0003 cdn_soc_19980808_0010 cts_foc_19990304_0015 chd_int_19981112_0004 chd_eco_19980911_0026 cts_for_19980606_0007 ctc_ser_19981013_0002 cts_for_19980909_0009 chd_eco_19980530_0018 cts_for_19981013_0003 chd_chi_19981223_0002 cts_int_19990429_0005 chd_med_19990118_0005 chd_eco_19981231_0005 chd_eco_19981201_0003 chd_eco_19980911_0024 chd_eco_19981212_0016 cts_art_19980613_0003 chd_edu_19990214_0004 cts_int_19981212_0007 cte_foc_19981004_0014 cdn_soc_19980605_0023 cts_for_19980607_0003 chd_soc_19980928_0019 cdn_ent_19990318_0007 chd_soc_19990205_0016 chd_int_19980917_0023 ctc_tec_19990505_0002 cdn_soc_19990317_0015 cte_foc_19990428_0015 chd_med_19980705_0011 chd_edu_19981223_0013 cts_soc_19990317_0007 cdn_edu_19990210_0002 cdn_soc_19980604_0019 chd_eco_19980923_0011 cts_art_19980812_0003 cts_for_19980917_0015 chd_for_19980606_0002 chd_edu_19980904_0020 cdn_ent_19980627_0003 chd_med_19980907_0032 cdn_soc_19980604_0003 
15,cts_int_19990221_0004 cts_int_19990329_0006 chd_int_19990413_0004 chd_int_19990327_0002 chd_int_19990328_0003 cts_int_19990422_0009 cts_int_19990504_0006 cts_for_19990406_0003 cts_foc_19990325_0013 chd_int_19990325_0002 chd_int_19990329_0004 cts_int_19990412_0010 cts_int_19990419_0006 cts_int_19990414_0007 cts_int_19990413_0008 cts_int_19980615_0006 cts_int_19990329_0005 cts_chi_19990507_0002 cts_int_19990421_0009 cts_int_19990330_0007 chd_int_19990416_0002 cdn_soc_19990330_0005 cts_int_19990220_0005 chd_int_19990416_0003 chd_int_19990328_0002 chd_int_19990413_0005 cts_int_19990221_0003 cts_int_19990414_0009 cts_foc_19990321_0018 cts_int_19990413_0007 cdn_foc_19990327_0008 cts_int_19980617_0003 chd_int_19990322_0001 cts_int_19990322_0003 cts_int_19990331_0006 cts_int_19990421_0007 cts_soc_19990327_0004 cts_int_19990327_0003 cts_int_19990404_0010 chd_int_19990421_0002 cdn_ent_19980626_0001 chd_int_19990327_0003 cts_int_19990325_0007 cdn_soc_19990330_0004 cts_int_19990329_0009 chd_int_19990408_0007 chd_for_19990327_0001 cts_int_19990418_0007 cdn_foc_19990406_0025 cdn_foc_19990327_0022 cts_foc_19990406_0012 cts_int_19990405_0006 cts_int_19981012_0003 cdn_foc_19990224_0001 cdn_foc_19990407_0030 cts_int_19981014_0001 chd_int_19990410_0003 cdn_foc_19990404_0028 cts_chi_19990222_0006 chd_int_19990414_0006 cts_int_19990324_0002 cdn_foc_19990325_0026 cte_foc_19990325_0010 ctc_eco_19990404_0007 cts_int_19980616_0007 cts_chi_19990214_0002 cts_int_19990405_0007 cts_int_19981013_0014 cts_int_19990315_0001 cts_int_19990131_0008 cdn_foc_19990406_0023 cdn_foc_19990327_0023 cts_int_19990228_0006 cts_int_19981010_0007 chd_int_19990410_0001 cts_int_19981012_0010 cts_int_19980629_0009 cdn_foc_19990329_0025 chd_int_19990419_0002 cts_int_19990424_0011 chd_int_19990508_0002 cts_int_19990413_0011 cdn_foc_19990327_0026 cdn_foc_19990327_0021 cts_foc_19990325_0014 chd_int_19990416_0004 cdn_foc_19990405_0022 cts_int_19990413_0009 ctc_eco_19990425_0007 cdn_foc_19990405_0024 cts_int_19981012_0002 cts_int_19981013_0005 cts_int_19990404_0012 cts_int_19990204_0001 chd_int_19990404_0006 cdn_ent_19980625_0002 chd_spo_19980627_0015 cts_int_19990130_0007 cts_int_19990412_0011 cts_int_19981027_0011 
16,cts_chi_19981218_0004 cdn_chi_19981101_0001 cdn_for_19981118_0002 chd_chi_19990109_0003 chd_chi_19990324_0001 ctc_chi_19980818_0005 cdn_chi_19981110_0004 cts_for_19980612_0002 cts_chi_19990307_0007 cdn_for_19981228_0002 ctc_chi_19981111_0010 cts_pol_19980824_0005 cdn_foc_19990103_0010 chd_pol_19981123_0003 ctc_esy_19980622_0001 cdn_chi_19990206_0005 ctc_chi_19980820_0009 chd_med_19980720_0009 cdn_chi_19981219_0003 cte_foc_19990203_0005 cdn_for_19980717_0001 chd_pol_19981103_0011 cts_chi_19990118_0007 cdn_foc_19990106_0008 chd_chi_19981231_0010 cdn_foc_19990106_0004 cte_foc_19980620_0013 cts_pol_19980824_0004 chd_pol_19980911_0009 cdn_edu_19990417_0007 chd_chi_19990103_0002 cdn_for_19980508_0001 cdn_foc_19980926_0007 cte_foc_19980929_0012 cts_soc_19980805_0008 ctc_esy_19980529_0001 cte_foc_19981027_0015 ctc_ser_19981115_0004 cdn_foc_19980524_0004 cts_chi_19981030_0001 chd_chi_19981030_0002 cdn_for_19990318_0001 cts_chi_19981225_0003 cte_foc_19981227_0008 ctc_dep_19980909_0006 chd_int_19990118_0001 cdn_foc_19980605_0008 cts_chi_19981225_0005 ctc_chi_19981026_0007 chd_chi_19981106_0007 chd_pol_19980911_0015 chd_pol_19980910_0022 cts_esy_19981222_0002 cts_esy_19980831_0002 cdn_foc_19980903_0004 ctc_foc_19981028_0006 cdn_eco_19980804_0002 ctc_foc_19990103_0012 cts_esy_19990304_0002 cts_foc_19980716_0004 cts_chi_19981008_0002 cte_foc_19990115_0001 chd_for_19990319_0001 cts_pol_19981021_0007 cts_foc_19980903_0009 chd_eco_19980814_0011 cts_for_19980606_0008 chd_pol_19981220_0001 cdn_foc_19980909_0014 cts_soc_19981021_0012 cts_for_19981018_0004 cdn_foc_19980819_0004 chd_pol_19980523_0001 cts_pol_19990103_0004 cdn_foc_19980807_0001 ctc_foc_19980819_0011 chd_pol_19990217_0014 chd_chi_19990116_0002 cts_int_19990510_0004 ctc_foc_19990424_0007 chd_pol_19980903_0002 cts_esy_19980711_0002 cdn_foc_19980827_0023 cdn_chi_19990103_0001 chd_chi_19981203_0001 cts_for_19990428_0007 cdn_foc_19980731_0005 cts_eco_19990424_0004 chd_pol_19990113_0020 cdn_chi_19990116_0006 cts_for_19980904_0006 chd_eco_19990225_0025 cdn_foc_19980621_0011 cdn_foc_19980909_0009 cts_chi_19980702_0004 cts_eco_19980814_0014 cts_soc_19980702_0003 chd_ent_19981109_0007 cdn_foc_19980521_0021 ctc_foc_19990315_0006 
17,chd_med_19980925_0001 cdn_soc_19990226_0011 cts_soc_19980810_0003 cts_soc_19980802_0009 cts_int_19990203_0004 cts_soc_19970524_0001 cts_soc_19990228_0015 chd_med_19981121_0002 cdn_soc_19980802_0012 chd_med_19981111_0014 cts_soc_19980810_0016 cdn_soc_19981009_0011 chd_med_19990301_0004 cdn_soc_19980909_0015 chd_med_19990301_0005 chd_med_19980720_0008 chd_med_19990407_0001 cdn_soc_19981215_0008 cdn_soc_19980804_0012 chd_chi_19990417_0003 cte_foc_19980803_0002 chd_med_19981009_0005 cdn_soc_19990226_0009 cts_for_19981011_0005 chd_med_19980814_0002 chd_med_19981121_0003 cte_foc_19980814_0015 cdn_soc_19980710_0014 cdn_soc_19980812_0015 chd_med_19990331_0001 cdn_soc_19980608_0008 cdn_soc_19980818_0014 cdn_soc_19980802_0013 chd_med_19990114_0001 cts_soc_19990228_0016 chd_med_19980808_0001 cdn_soc_19990113_0014 chd_med_19981128_0002 chd_med_19980815_0009 chd_med_19990407_0002 cts_soc_19981009_0011 cdn_soc_19990331_0006 chd_med_19990113_0009 cts_soc_19980518_0013 cdn_soc_19990331_0005 cts_soc_19980815_0015 chd_med_19980812_0003 cts_soc_19980808_0002 cdn_ent_19980518_0004 chd_med_19980818_0002 chd_med_19980815_0001 chd_med_19980826_0001 cdn_soc_19981215_0009 chd_med_19980819_0004 chd_med_19981120_0003 chd_for_19981217_0002 chd_for_19981202_0001 chd_for_19980813_0002 cts_soc_19980812_0008 chd_med_19981215_0001 chd_chi_19981030_0004 cdn_chi_19980521_0006 chd_med_19990213_0003 cdn_soc_19980815_0015 chd_med_19980812_0004 chd_int_19980706_0004 chd_med_19980818_0001 chd_int_19981126_0006 cdn_soc_19980531_0001 cts_soc_19981201_0005 cdn_soc_19990428_0018 cts_soc_19980804_0001 cdn_soc_19990318_0001 chd_med_19980922_0015 cts_soc_19980815_0018 cdn_soc_19980814_0016 cts_soc_19971202_0001 cts_soc_19990301_0026 cdn_soc_19980530_0003 cts_soc_19990331_0007 chd_med_19990318_0011 cte_foc_19981214_0002 chd_med_19981114_0013 chd_med_19980829_0001 cts_soc_19981119_0002 cts_ent_19980813_0013 cts_soc_19980814_0019 chd_edu_19980904_0003 chd_med_19980804_0003 cdn_soc_19990318_0002 chd_med_19980728_0005 chd_med_19980819_0002 cts_int_19990201_0009 cts_for_19980811_0002 chd_med_19990227_0004 chd_med_19980706_0004 chd_med_19980816_0003 cts_soc_19980815_0014 cts_int_19990407_0001 cdn_soc_19981201_0019 
18,cts_for_19990405_0003 chd_soc_19981009_0008 ctc_dep_19981202_0001 ctc_foc_19980606_0013 cdn_soc_19990416_0001 chd_soc_19981225_0012 chd_edu_19980529_0003 cts_soc_19981208_0003 chd_eco_19980609_0015 cts_for_19980611_0003 cdn_soc_19980609_0020 chd_soc_19990430_0007 ctc_dep_19990412_0002 chd_soc_19980601_0007 cts_for_19980925_0001 chd_eco_19980609_0016 cte_foc_19981008_0004 ctc_dep_19980824_0001 chd_edu_19981208_0004 ctc_dep_19981208_0007 chd_for_19981209_0003 ctc_mnf_19980907_0007 cts_soc_19981208_0002 ctc_dep_19990412_0001 ctc_foc_19981207_0005 ctc_dep_19990424_0006 chd_edu_19980705_0010 cdn_eco_19990112_0007 ctc_mnf_19981216_0014 ctc_dep_19981031_0007 cdn_soc_19980716_0020 chd_soc_19981110_0010 cte_foc_19990331_0001 chd_chi_19990307_0001 chd_soc_19980930_0016 cdn_eco_19990402_0005 ctc_foc_19980814_0004 chd_edu_19980723_0003 ctc_foc_19980719_0001 ctc_dep_19990407_0004 ctc_dep_19980729_0006 cdn_chi_19990307_0002 chd_edu_19980618_0001 chd_pol_19990429_0019 ctc_dep_19981208_0006 cdn_eco_19980607_0003 ctc_dep_19990414_0005 chd_eco_19990112_0027 chd_edu_19981021_0001 cts_for_19980703_0007 cts_eco_19990401_0006 ctc_dep_19990401_0005 cts_foc_19980615_0007 cdn_eco_19981208_0012 cts_esy_19981210_0002 cts_chi_19981223_0004 chd_med_19980928_0015 cts_foc_19981210_0009 cts_for_19990412_0002 cdn_soc_19981211_0003 cts_for_19990208_0001 chd_edu_19980611_0001 cdn_chi_19981021_0005 chd_edu_19990424_0009 cts_chi_19990321_0008 cdn_foc_19981102_0026 cts_soc_19990414_0012 cdn_eco_19990401_0003 cts_foc_19990301_0004 chd_med_19980904_0015 cts_soc_19990506_0010 chd_edu_19981210_0012 cdn_chi_19981204_0002 ctc_foc_19990426_0009 cdn_chi_19981006_0006 chd_edu_19990108_0002 ctc_foc_19990315_0014 cts_foc_19981211_0008 chd_med_19990421_0003 cts_for_19980916_0003 chd_edu_19981009_0010 chd_eco_19980609_0017 cdn_foc_19981210_0016 chd_soc_19981028_0020 cdn_foc_19990410_0023 cts_soc_19990413_0010 cdn_eco_19980827_0006 chd_med_19980907_0012 cts_for_19980704_0004 chd_soc_19981204_0009 cts_foc_19981211_0009 cts_chi_19990304_0002 chd_edu_19981113_0002 cts_for_19990420_0005 ctc_foc_19990505_0012 cdn_soc_19990129_0002 ctc_foc_19990228_0003 chd_for_19990501_0001 cdn_soc_19981105_0016 cts_eco_19990407_0014 
19,ctc_tec_19980918_0001 ctc_sto_19981015_0016 ctc_eco_19990115_0002 ctc_tec_19981225_0001 ctc_tec_19980718_0003 ctc_tec_19981006_0009 ctc_tec_19980804_0009 ctc_sto_19981106_0003 ctc_cgo_19980824_0005 ctc_tec_19981029_0006 ctc_mnf_19980816_0002 ctc_sto_19980915_0032 chd_med_19980618_0006 ctc_eco_19981016_0002 ctc_chi_19990129_0005 cts_eco_19981122_0007 ctc_foc_19980704_0012 ctc_chi_19980622_0001 chd_med_19990414_0008 ctc_mnf_19990124_0004 cdn_eco_19981223_0005 ctc_fin_19981012_0008 ctc_mnf_19990221_0001 cts_eco_19980804_0010 cts_eco_19980820_0007 ctc_tec_19981005_0003 ctc_tec_19981127_0010 ctc_tec_19981029_0007 ctc_tec_19990129_0010 ctc_ser_19980930_0002 chd_eco_19990120_0026 ctc_tec_19980911_0001 ctc_cgo_19980820_0005 ctc_sto_19980927_0013 ctc_tec_19980522_0004 ctc_tec_19990209_0003 ctc_tec_19981030_0005 ctc_foc_19990321_0005 ctc_eco_19980616_0006 chd_pol_19990429_0009 ctc_tec_19990209_0002 chd_eco_19990101_0015 ctc_tec_19980821_0006 cts_ent_19981029_0004 ctc_tec_19980814_0001 ctc_eco_19990107_0002 ctc_fin_19981123_0008 ctc_tec_19980917_0001 ctc_tec_19990104_0001 cts_eco_19980903_0001 ctc_tec_19981221_0009 cdn_eco_19980529_0001 ctc_tec_19981113_0008 ctc_dep_19981104_0002 ctc_dep_19990420_0003 cdn_eco_19990102_0012 ctc_sto_19981107_0009 ctc_tec_19980713_0003 ctc_tec_19981020_0006 ctc_foc_19990319_0006 ctc_dep_19980918_0001 ctc_ser_19990204_0002 ctc_sto_19980918_0022 ctc_fin_19980926_0007 ctc_tec_19980918_0002 chd_ent_19980821_0007 chd_eco_19990310_0003 ctc_dep_19980713_0005 ctc_tec_19981005_0004 ctc_chi_19980713_0005 ctc_eco_19990318_0003 ctc_ser_19981126_0004 cts_eco_19981020_0006 chd_eco_19981122_0014 ctc_ser_19980930_0001 cts_int_19981020_0005 cts_eco_19980615_0004 ctc_tec_19990322_0001 cts_eco_19980711_0001 ctc_tec_19981113_0004 ctc_tec_19990208_0004 chd_med_19990215_0008 cdn_for_19980629_0002 cdn_chi_19980713_0002 cts_eco_19990118_0005 cte_sto_19980820_0004 cte_foc_19990120_0005 ctc_eco_19980725_0005 ctc_dep_19990302_0002 ctc_cgo_19981218_0003 cts_foc_19980712_0010 ctc_sto_19990422_0024 ctc_cgo_19980907_0005 ctc_tec_19980828_0001 ctc_tec_19990309_0009 cts_eco_19980603_0012 chd_eco_19981020_0012 chd_pol_19981230_0014 chd_eco_19980928_0016 chd_eco_19980620_0021 
20,ctc_ser_19980602_0006 ctc_foc_19980928_0013 ctc_foc_19980926_0012 cte_sto_19980928_0001 cdn_eco_19990419_0005 ctc_sto_19980820_0028 ctc_eco_19981218_0007 cts_eco_19980526_0011 cts_eco_19980730_0014 cdn_foc_19980617_0027 ctc_foc_19980614_0004 ctc_foc_19980525_0011 ctc_foc_19980926_0011 ctc_tec_19980908_0003 ctc_fin_19980701_0005 ctc_ser_19990304_0007 ctc_sto_19990310_0022 ctc_sto_19981027_0014 ctc_eco_19980915_0006 chd_eco_19980831_0006 ctc_eco_19981224_0004 ctc_sto_19980915_0013 cts_eco_19980616_0005 chd_eco_19980529_0006 chd_eco_19981127_0002 cts_int_19990315_0002 cdn_eco_19990419_0008 ctc_sto_19981017_0019 ctc_tec_19990506_0001 ctc_eco_19981109_0004 ctc_fin_19981026_0001 ctc_eco_19980930_0004 chd_eco_19980930_0013 ctc_fin_19980914_0009 cts_eco_19980831_0003 chd_soc_19990310_0006 ctc_fin_19981229_0003 ctc_fin_19981024_0008 cdn_eco_19980924_0013 chd_soc_19980724_0028 cts_eco_19980921_0012 cts_eco_19990323_0003 cdn_eco_19980529_0006 cdn_eco_19980929_0014 cdn_eco_19980914_0004 ctc_fin_19990104_0005 chd_eco_19980913_0019 ctc_chi_19980605_0005 cdn_eco_19980615_0006 ctc_fin_19990127_0009 cts_eco_19981207_0002 ctc_ser_19980703_0004 cts_eco_19980926_0007 chd_eco_19980521_0007 cdn_eco_19981008_0012 ctc_fin_19980807_0009 ctc_sto_19981116_0016 ctc_fin_19980831_0005 cdn_eco_19990419_0007 cdn_eco_19980831_0006 ctc_fin_19990323_0010 ctc_dep_19981126_0005 ctc_fin_19990401_0004 ctc_fin_19980615_0003 cdn_for_19980530_0001 ctc_chi_19980912_0004 ctc_ser_19980523_0003 cdn_eco_19980930_0014 cts_eco_19981109_0002 ctc_fin_19981030_0012 ctc_ser_19981014_0006 cdn_eco_19980924_0028 chd_eco_19980730_0007 ctc_fin_19980824_0004 ctc_sto_19980720_0013 ctc_dep_19981020_0001 chd_eco_19980617_0008 ctc_fin_19980715_0007 ctc_sto_19980606_0013 ctc_fin_19980702_0014 ctc_ser_19981014_0004 cdn_eco_19990419_0009 ctc_fin_19980721_0004 ctc_eco_19980527_0004 cdn_eco_19980615_0008 ctc_fin_19980525_0010 cdn_eco_19980926_0014 ctc_dep_19981007_0001 ctc_fin_19980520_0004 ctc_sto_19990227_0018 ctc_ser_19990501_0002 chd_eco_19981030_0005 cts_eco_19980404_0002 chd_pol_19980612_0033 cdn_eco_19980730_0013 ctc_sto_19981125_0015 cdn_eco_19980720_0008 ctc_foc_19980729_0002 ctc_fin_19990401_0008 ctc_foc_19980613_0005 
21,chd_int_19990417_0007 cts_int_19980224_0001 cts_int_19981217_0009 cts_int_19981116_0001 cte_foc_19981116_0004 cts_int_19981116_0003 cts_int_19981114_0010 cts_int_19990112_0001 cdn_soc_19981115_0001 cts_int_19981116_0017 cts_foc_19981221_0010 chd_int_19981114_0006 chd_int_19981115_0009 cts_foc_19981221_0009 cdn_foc_19981219_0030 cts_int_19980115_0002 chd_int_19981217_0002 chd_int_19981116_0003 cdn_foc_19981102_0001 cts_int_19981116_0002 chd_int_19981123_0001 cts_int_19990117_0009 cdn_soc_19981115_0002 chd_for_19981218_0003 chd_int_19980807_0004 cts_int_19981110_0004 cts_int_19980225_0001 cdn_foc_19981218_0024 cts_int_19980806_0003 cts_int_19981222_0011 cts_int_19981220_0002 cts_foc_19981218_0019 ctc_foc_19981218_0009 cts_int_19981227_0009 cts_int_19980806_0002 cts_int_19981117_0010 cts_foc_19981221_0008 chd_int_19981101_0002 cts_int_19981114_0002 chd_int_19981116_0004 chd_int_19980911_0002 cts_chi_19980731_0002 chd_int_19981115_0004 cts_int_19980807_0008 chd_int_19981218_0003 chd_int_19981118_0002 chd_int_19981106_0001 chd_int_19981202_0008 chd_int_19981231_0006 cts_int_19981102_0002 chd_int_19981109_0001 chd_int_19980625_0001 chd_int_19981117_0004 cdn_soc_19981221_0001 chd_int_19981115_0002 cts_int_19980807_0007 chd_int_19980616_0004 chd_int_19990305_0007 cts_foc_19981218_0035 chd_int_19981221_0001 cts_int_19981113_0004 cts_for_19981218_0007 ctc_foc_19981116_0007 ctc_eco_19981115_0005 cdn_soc_19981114_0001 chd_int_19981225_0002 cts_int_19981224_0012 cdn_foc_19981113_0022 cts_int_19981113_0006 chd_int_19981114_0007 cts_int_19981109_0010 cts_int_19981109_0002 chd_int_19981122_0003 cts_int_19981220_0010 chd_int_19981218_0001 cts_foc_19981218_0023 chd_int_19990125_0008 cts_int_19980626_0009 cts_int_19980209_0001 cdn_foc_19981113_0021 cts_int_19980704_0007 cts_int_19981229_0010 cte_foc_19981219_0008 cts_int_19981114_0008 chd_int_19981219_0003 cdn_soc_19981115_0003 chd_int_19981223_0003 chd_int_19981227_0003 cdn_soc_19981221_0006 chd_int_19990110_0002 chd_int_19990209_0001 chd_int_19981228_0004 cdn_foc_19981218_0001 cts_int_19981109_0012 cts_int_19990303_0011 cts_int_19981103_0001 cdn_soc_19981218_0001 cts_int_19990116_0002 cts_int_19981109_0003 ctc_eco_19981219_0004 
22,chd_pol_19990307_0004 chd_pol_19981003_0011 cte_foc_19981124_0005 cts_soc_19990404_0027 cts_soc_19990304_0007 cdn_soc_19990423_0017 cdn_soc_19981115_0004 cts_soc_19990307_0024 cts_soc_19980909_0007 cts_foc_19990401_0016 cts_for_19980827_0005 chd_int_19981020_0004 chd_soc_19981007_0019 cts_ent_19990506_0005 cts_for_19990301_0002 cts_for_19980516_0002 cte_foc_19990422_0011 chd_int_19981008_0003 cdn_soc_19990305_0004 cts_soc_19981209_0010 cts_for_19990228_0005 cdn_edu_19990319_0002 chd_pol_19990404_0014 chd_pol_19990314_0011 cts_soc_19980909_0001 cte_foc_19990401_0006 cts_eco_19990401_0009 chd_int_19981010_0002 chd_edu_19990423_0006 chd_edu_19980627_0008 chd_edu_19990319_0011 cts_soc_19990319_0026 cdn_edu_19990319_0001 cdn_foc_19980919_0027 cdn_soc_19990307_0007 cdn_soc_19990226_0013 chd_soc_19990420_0008 cts_soc_19990105_0001 chd_int_19980922_0007 cts_soc_19990307_0005 cts_soc_19990319_0025 cts_soc_19990307_0006 cte_foc_19990308_0008 cts_soc_19990227_0015 cte_foc_19990318_0001 chd_med_19980719_0006 cts_eco_19980721_0005 cdn_ent_19980520_0002 chd_pol_19990202_0034 cts_soc_19990307_0033 chd_soc_19990417_0007 cts_int_19990114_0008 chd_int_19980917_0008 cts_soc_19990307_0030 cte_foc_19990308_0009 cts_soc_19990319_0024 cts_int_19990414_0011 cts_soc_19980629_0009 chd_pol_19990307_0005 cdn_foc_19981003_0013 chd_soc_19981007_0018 cts_int_19980926_0008 cts_int_19980926_0002 cts_foc_19980922_0010 cts_soc_19990307_0032 cts_chi_19980905_0004 chd_for_19990423_0001 cts_soc_19980610_0020 chd_pol_19980521_0006 chd_soc_19981007_0020 cts_soc_19980802_0023 cts_for_19980820_0001 chd_med_19990112_0002 cts_for_19990117_0007 cts_chi_19980926_0002 chd_int_19990505_0001 cts_soc_19980802_0001 cdn_soc_19981230_0003 chd_eco_19981103_0019 cts_soc_19990419_0016 chd_int_19990414_0005 cts_soc_19970504_0001 cts_for_19980522_0005 ctc_foc_19990401_0013 cts_soc_19980926_0008 chd_int_19980815_0003 cts_int_19980922_0004 cts_foc_19980922_0011 chd_pol_19980922_0070 cts_soc_19990510_0010 cts_int_19981221_0001 cts_soc_19990221_0012 cts_int_19990201_0001 cts_int_19990201_0003 cdn_soc_19990108_0006 ctc_foc_19980518_0009 cte_sto_19990126_0006 chd_int_19990315_0007 ctc_tec_19990329_0004 ctc_foc_19981024_0008 
23,cts_eco_19980825_0006 cdn_eco_19980517_0007 ctc_foc_19980525_0005 chd_eco_19980808_0025 cdn_soc_19980527_0001 ctc_dep_19980522_0003 chd_eco_19980517_0011 chd_eco_19980512_0035 cts_eco_19980512_0002 chd_pol_19980526_0001 cdn_soc_19980528_0020 chd_pol_19980528_0001 ctc_foc_19980527_0005 cts_soc_19990405_0005 ctc_foc_19980518_0005 ctc_mnf_19980602_0004 ctc_foc_19990411_0006 chd_for_19980526_0001 chd_pol_19980528_0004 chd_pol_19980528_0003 cts_eco_19980526_0009 ctc_foc_19980526_0012 chd_pol_19980526_0007 chd_pol_19980527_0001 ctc_mnf_19981028_0005 ctc_foc_19980527_0009 ctc_foc_19980524_0006 cdn_soc_19980526_0025 cdn_eco_19980711_0006 cts_eco_19980526_0003 chd_eco_19980512_0029 cdn_soc_19980518_0018 cts_eco_19980527_0004 chd_pol_19980526_0002 cts_eco_19980528_0002 chd_eco_19981127_0011 cts_for_19980529_0004 cts_foc_19980512_0005 cte_foc_19980526_0006 chd_chi_19990423_0003 cts_for_19980525_0003 cts_soc_19980525_0011 cte_foc_19980517_0013 cts_soc_19980525_0015 ctc_mnf_19980904_0012 ctc_dep_19980522_0002 cts_eco_19980517_0004 ctc_foc_19980528_0003 ctc_foc_19980529_0012 cdn_soc_19990303_0003 chd_eco_19980525_0009 ctc_foc_19980527_0008 ctc_mnf_19980619_0004 ctc_fin_19981114_0006 ctc_fin_19980916_0004 cts_soc_19980525_0014 cdn_foc_19980528_0001 chd_eco_19981012_0010 ctc_esy_19980526_0001 cdn_eco_19980525_0002 chd_edu_19981119_0015 chd_pol_19980526_0006 ctc_mnf_19980811_0002 ctc_dep_19980522_0001 cdn_soc_19980528_0019 cts_eco_19980520_0010 chd_eco_19980512_0005 chd_eco_19980512_0027 cts_foc_19980110_0001 cts_eco_19980518_0003 cdn_eco_19981223_0006 chd_eco_19980707_0020 cdn_eco_19981008_0004 chd_edu_19981119_0016 ctc_dep_19980907_0005 ctc_esy_19980527_0001 cts_foc_19980218_0002 cdn_soc_19980526_0024 cts_eco_19980526_0014 ctc_foc_19980526_0001 cte_foc_19980525_0002 chd_soc_19990226_0014 ctc_mnf_19980604_0003 cdn_soc_19980527_0026 cts_eco_19980527_0006 cdn_soc_19981103_0011 cts_chi_19990507_0001 chd_pol_19980527_0002 ctc_foc_19980516_0001 chd_eco_19980518_0002 chd_edu_19990414_0003 cts_foc_19980518_0002 chd_eco_19990122_0016 ctc_mnf_19981006_0003 ctc_foc_19980525_0002 chd_for_19980705_0001 cdn_soc_19981119_0011 chd_eco_19981218_0003 ctc_dep_19990421_0005 cdn_soc_19981022_0013 
24,chd_edu_19981119_0013 cts_soc_19981208_0006 cts_soc_19981206_0001 cdn_soc_19981213_0004 cdn_soc_19981209_0004 cdn_soc_19981209_0021 cts_int_19981120_0009 cts_int_19981109_0006 cdn_soc_19981214_0013 cdn_soc_19980524_0006 cts_int_19980607_0004 cdn_soc_19981109_0002 cts_int_19981205_0006 cts_int_19981120_0002 cts_int_19980609_0007 cts_int_19980604_0011 cdn_soc_19980604_0005 cts_int_19981121_0003 cts_soc_19981121_0002 chd_int_19981121_0002 cdn_edu_19990126_0007 cts_ent_19980630_0003 cdn_soc_19981022_0011 cts_soc_19990401_0010 chd_int_19980814_0003 chd_int_19981207_0003 cts_soc_19981031_0014 cts_soc_19990123_0003 ctc_chi_19990406_0010 cdn_foc_19990129_0017 cdn_soc_19990311_0003 ctc_dep_19990128_0002 cts_int_19981028_0007 cdn_foc_19990314_0007 cts_soc_19981031_0016 cdn_soc_19981022_0010 chd_int_19980604_0001 cdn_soc_19981118_0006 cts_int_19970929_0001 cts_soc_19981030_0004 ctc_tec_19990311_0001 cdn_edu_19990424_0002 cdn_soc_19981101_0001 cts_int_19980607_0001 cdn_soc_19980614_0018 cdn_soc_19981203_0001 cts_soc_19990128_0002 cdn_soc_19981109_0001 cdn_soc_19980603_0001 cts_foc_19990128_0012 cts_int_19970929_0002 cdn_soc_19980606_0002 cdn_foc_19990125_0028 cts_soc_19980531_0012 cdn_soc_19981019_0003 cts_soc_19981030_0003 cts_int_19981112_0002 chd_edu_19981019_0007 cte_foc_19981030_0008 cdn_soc_19990323_0001 cts_int_19981028_0008 cts_pol_19990124_0003 cts_int_19980622_0003 cdn_soc_19980603_0003 cts_int_19981030_0006 cts_foc_19990128_0011 cdn_soc_19981030_0001 cdn_foc_19981204_0014 cts_foc_19990127_0001 cts_int_19990211_0003 cts_soc_19981031_0015 cdn_soc_19990116_0001 ctc_esy_19990129_0001 cdn_soc_19981019_0001 ctc_foc_19980531_0004 cdn_soc_19981125_0001 cdn_soc_19980601_0011 cts_soc_19981031_0017 cts_soc_19981019_0001 cdn_soc_19990209_0002 cdn_chi_19980528_0005 cdn_soc_19990128_0008 cts_soc_19990311_0007 cts_soc_19990129_0004 cdn_soc_19981030_0002 cdn_for_19990129_0001 cdn_soc_19981022_0009 cdn_soc_19990401_0010 ctc_chi_19990507_0009 ctc_dep_19990128_0001 chd_for_19990127_0004 ctc_dep_19990126_0006 cdn_foc_19990128_0020 chd_int_19981103_0001 cdn_soc_19990126_0003 cts_soc_19990323_0010 chd_int_19981110_0004 cts_int_19981029_0005 cts_pol_19990125_0001 cdn_chi_19980704_0007 
25,cts_int_19990129_0010 cts_int_19980628_0006 ctc_eco_19980816_0003 cts_int_19990426_0003 cts_for_19980522_0004 cts_int_19980604_0010 cdn_soc_19990130_0004 cts_int_19980608_0005 cdn_foc_19980522_0021 cts_for_19980625_0007 cts_foc_19980522_0003 cts_int_19990131_0010 cts_int_19990420_0002 cts_int_19990221_0005 cts_int_19980802_0006 cte_foc_19980522_0010 cts_int_19980614_0009 cdn_foc_19980522_0022 cts_int_19980613_0005 ctc_foc_19980522_0003 cts_int_19980807_0001 ctc_foc_19980522_0007 chd_int_19990309_0006 cdn_foc_19980523_0031 cts_int_19990211_0006 cts_int_19990131_0009 chd_int_19980725_0003 cts_int_19990420_0001 chd_int_19980602_0001 chd_int_19980522_0013 cts_int_19990420_0004 cts_int_19990211_0009 cts_int_19990428_0001 cts_int_19990129_0005 cts_int_19990407_0005 cts_int_19990425_0007 cts_int_19990417_0002 cts_int_19990128_0001 cts_int_19990222_0005 cts_int_19980610_0005 cts_int_19980718_0002 cts_int_19980524_0006 cts_int_19980607_0003 chd_int_19990419_0003 chd_int_19980522_0016 cts_int_19990129_0004 chd_int_19980522_0008 cts_int_19980621_0008 cts_int_19990201_0002 cts_int_19990201_0012 cdn_foc_19980522_0028 cts_pol_19990208_0008 cts_int_19990128_0009 chd_int_19980522_0009 cts_int_19980607_0011 chd_int_19980522_0005 cts_int_19990420_0003 cdn_foc_19980525_0014 cts_int_19980527_0004 cts_int_19980625_0005 cts_int_19980526_0008 cts_int_19980624_0005 cts_foc_19980522_0001 cts_int_19990129_0009 cts_int_19980807_0004 cts_int_19990128_0008 cts_int_19961113_0001 cts_int_19990507_0006 chd_int_19990421_0006 cdn_foc_19980522_0041 cts_foc_19980522_0007 chd_int_19980522_0019 chd_int_19980522_0012 ctc_eco_19980522_0002 cdn_foc_19980522_0025 cdn_foc_19980522_0027 cts_int_19990207_0002 cdn_foc_19980522_0002 cts_int_19980527_0001 cdn_soc_19990130_0007 cts_int_19990211_0011 cte_foc_19980521_0003 chd_int_19980522_0015 chd_int_19990209_0008 cts_int_19980818_0009 cts_chi_19980905_0003 chd_int_19980522_0036 chd_int_19990507_0001 cts_int_19990413_0002 cts_int_19961012_0001 cte_foc_19980521_0002 chd_int_19980608_0004 chd_int_19990419_0004 chd_int_19980718_0002 chd_int_19990413_0009 cts_int_19990418_0003 cts_int_19980529_0003 cts_int_19990418_0012 ctc_foc_19980522_0008 chd_int_19980911_0004 
26,cts_int_19980530_0004 cts_int_19980607_0007 cts_pol_19980805_0003 cdn_chi_19980926_0006 ctc_chi_19990422_0003 cts_foc_19980602_0003 chd_for_19980531_0001 cts_pol_19980805_0012 cts_int_19980518_0004 cts_pol_19980805_0008 cts_chi_19980603_0008 cts_int_19980608_0007 cts_int_19980619_0008 cts_foc_19980624_0016 cts_int_19980605_0008 cts_for_19980605_0006 cts_chi_19980805_0003 cdn_foc_19980813_0028 cts_soc_19960913_0001 cts_int_19980605_0003 cts_pol_19990114_0008 chd_for_19980521_0001 cte_foc_19980607_0010 cts_int_19980531_0003 cts_for_19980530_0001 cdn_for_19980519_0001 cts_int_19980613_0002 cts_int_19980516_0001 cts_chi_19980627_0004 cts_chi_19981110_0004 cte_foc_19980618_0006 cdn_foc_19980530_0029 chd_int_19980619_0003 cts_int_19980516_0003 cdn_ent_19980618_0001 cdn_foc_19990316_0005 cts_chi_19990423_0008 cts_int_19980530_0012 cts_chi_19980627_0005 chd_int_19980530_0002 ctc_eco_19980529_0001 cdn_foc_19980530_0025 cdn_foc_19981122_0008 cts_int_19980516_0002 cdn_for_19980530_0002 cts_int_19980606_0008 cts_int_19980529_0005 cts_int_19980515_0001 cts_int_19980518_0006 cts_int_19980601_0006 chd_for_19981104_0001 cts_chi_19981110_0005 chd_int_19980601_0003 chd_int_19980529_0004 cts_int_19980520_0001 cts_pol_19980806_0007 cts_chi_19990306_0002 cts_int_19980602_0002 chd_int_19980601_0004 chd_int_19980515_0001 cts_int_19980605_0011 chd_int_19980531_0002 chd_int_19990421_0007 cts_int_19980515_0002 cdn_chi_19980619_0006 cts_chi_19990307_0002 cts_int_19980601_0003 cts_soc_19980115_0001 chd_int_19980518_0004 cts_chi_19981110_0012 cdn_foc_19980627_0012 chd_int_19980530_0004 chd_int_19980529_0001 cdn_foc_19980530_0026 cts_int_19980513_0001 cts_int_19980619_0001 cts_int_19990408_0006 cts_chi_19980603_0001 ctc_chi_19981110_0008 cts_int_19980530_0003 cdn_foc_19990308_0002 chd_int_19980623_0003 cts_int_19980603_0009 cts_int_19980604_0006 cts_int_19980603_0003 cts_chi_19980531_0007 cts_chi_19990422_0011 cts_int_19980604_0007 chd_int_19981123_0005 cts_pol_19981110_0015 chd_pol_19981104_0001 cts_int_19980408_0004 cts_chi_19981111_0009 chd_int_19980516_0004 cts_int_19990222_0007 cdn_foc_19980725_0011 chd_int_19980620_0001 cts_int_19980529_0006 cts_int_19980721_0003 cdn_chi_19980629_0007 
27,cdn_spo_19990130_0005 cdn_spo_19990208_0007 cdn_soc_19990127_0005 cdn_spo_19990117_0004 cdn_spo_19981225_0005 cdn_soc_19990322_0009 cdn_loc_19980615_0003 cts_ent_19980918_0009 cts_ent_19980720_0005 cts_ent_19981120_0012 chd_spo_19980620_0005 chd_spo_19980609_0012 chd_spo_19980624_0007 cts_ent_19980813_0012 cdn_spo_19990125_0006 cts_spo_19990126_0001 cts_chi_19981225_0003 chd_spo_19990508_0009 chd_spo_19980622_0004 cts_chi_19981225_0005 cdn_spo_19990121_0008 ctc_dep_19980713_0005 chd_pol_19980926_0003 cts_spo_19980622_0014 chd_pol_19981106_0004 cdn_soc_19990127_0006 cdn_spo_19990318_0003 cdn_spo_19990124_0004 chd_pol_19990214_0011 cts_int_19990121_0006 ctc_fin_19990209_0008 cdn_spo_19990128_0010 cts_pol_19980926_0006 cts_foc_19981214_0002 ctc_foc_19990106_0005 cts_spo_19990127_0009 ctc_fin_19981012_0008 cdn_spo_19990126_0002 cts_spo_19990125_0014 cts_pol_19960413_0001 ctc_sto_19990204_0022 cdn_soc_19990127_0004 cts_art_19980712_0004 cts_foc_19990126_0011 cdn_spo_19981129_0008 cts_foc_19990126_0010 cts_spo_19981022_0008 chd_eco_19990120_0024 chd_pol_19990214_0008 cts_spo_19980609_0012 cts_spo_19981214_0001 cts_int_19990121_0004 cdn_chi_19981225_0004 chd_spo_19980613_0007 cts_soc_19980729_0020 chd_spo_19990125_0010 cts_for_19981202_0003 cts_for_19981007_0005 cdn_edu_19990121_0012 cdn_edu_19990405_0005 ctc_fin_19980926_0007 cts_spo_19990119_0014 cts_foc_19880119_0001 chd_spo_19980613_0005 cts_spo_19990119_0015 cte_foc_19981105_0005 cdn_spo_19990126_0005 cts_pol_19990121_0006 cdn_spo_19990204_0004 cts_soc_19970422_0001 cts_foc_19990126_0009 cts_spo_19980617_0013 cts_spo_19990317_0005 cts_int_19981010_0010 cdn_spo_19990401_0003 chd_med_19990215_0008 chd_soc_19990301_0009 cdn_foc_19981225_0015 cdn_for_19990124_0002 cdn_spo_19990204_0006 cts_spo_19990505_0012 chd_spo_19990209_0005 chd_spo_19981008_0005 cts_soc_19980910_0012 chd_eco_19981212_0032 chd_eco_19980928_0016 cts_int_19990407_0004 chd_ent_19981109_0007 ctc_dep_19980713_0006 cts_spo_19990119_0013 cdn_spo_19981218_0014 cte_foc_19981005_0005 cts_pol_19981201_0015 cdn_eco_19981208_0003 cte_sto_19981211_0006 chd_chi_19990108_0005 chd_pol_19990214_0014 cts_foc_19981225_0007 cts_chi_19981018_0002 ctc_mnf_19981004_0003 
28,cts_int_19980906_0001 cts_int_19990314_0003 chd_int_19990326_0003 chd_int_19990311_0006 cts_int_19990204_0002 cdn_foc_19981122_0009 cts_int_19980901_0010 cts_int_19981202_0004 cts_int_19990117_0001 cts_int_19980906_0013 cdn_foc_19980902_0003 cts_int_19980908_0010 chd_int_19980617_0001 cts_int_19980604_0002 cts_int_19981212_0001 cts_int_19980911_0003 chd_int_19990109_0001 cts_foc_19980901_0002 cts_int_19980902_0003 cts_int_19980910_0009 cte_foc_19980905_0002 cts_int_19980905_0001 cts_int_19981123_0001 cts_int_19980901_0001 chd_int_19980904_0005 chd_int_19981204_0001 chd_int_19980907_0015 cts_chi_19980909_0005 chd_int_19980907_0003 cts_int_19980604_0007 cts_int_19990321_0007 cts_foc_19990308_0011 chd_int_19990313_0001 cts_int_19980907_0004 chd_int_19980903_0002 cts_int_19990116_0005 cts_foc_19980905_0005 cdn_for_19980907_0001 cts_int_19980904_0009 cts_int_19990311_0010 cts_int_19990117_0007 cts_int_19990109_0002 cdn_foc_19990112_0029 cts_int_19980929_0009 cts_foc_19980904_0002 ctc_eco_19980901_0005 chd_int_19980907_0012 cts_int_19980820_0008 cts_int_19980905_0009 cts_int_19981212_0008 cdn_foc_19980906_0014 cts_int_19980905_0008 cts_int_19990205_0008 cts_foc_19980905_0012 chd_int_19980902_0001 cts_int_19990309_0008 chd_for_19980907_0001 cts_int_19980617_0004 cts_int_19990116_0001 cts_for_19980907_0008 cts_int_19980906_0002 cts_foc_19980905_0013 cts_int_19980817_0005 cts_int_19981223_0003 cts_int_19980901_0007 chd_int_19990327_0001 cts_int_19980604_0006 cts_int_19980908_0009 cts_int_19990321_0002 cts_int_19980902_0008 cdn_foc_19990314_0009 chd_int_19981122_0004 cts_int_19980903_0002 chd_int_19980904_0004 cts_int_19980902_0013 cts_foc_19980905_0004 cts_int_19990329_0002 cts_int_19990205_0010 cts_int_19990102_0005 cts_int_19981120_0010 cts_int_19990109_0001 cts_int_19980903_0003 cts_int_19990401_0010 chd_int_19980907_0017 cts_int_19990322_0006 cts_int_19980906_0011 cts_int_19980713_0002 cts_int_19981022_0007 cts_int_19970920_0001 cts_int_19980902_0014 chd_pol_19980902_0011 cts_int_19980727_0006 chd_int_19980917_0005 cts_int_19980821_0002 chd_int_19980910_0004 ctc_foc_19980803_0001 cts_int_19980907_0012 cts_int_19980603_0012 cts_int_19980914_0004 cts_int_19980902_0005 
29,chd_edu_19990501_0006 chd_soc_19990430_0003 cts_soc_19980627_0002 cdn_soc_19981023_0003 chd_soc_19981021_0001 cdn_foc_19981024_0003 cte_foc_19981014_0015 chd_soc_19981001_0002 cdn_soc_19980804_0007 cte_foc_19980929_0001 ctc_foc_19981014_0006 chd_soc_19980708_0017 chd_edu_19981028_0024 ctc_foc_19981015_0008 chd_edu_19980805_0008 chd_soc_19980805_0002 chd_eco_19980710_0014 cte_foc_19981014_0009 chd_soc_19981027_0007 cdn_soc_19980710_0005 chd_for_19981021_0002 cte_foc_19981026_0002 cdn_soc_19981015_0003 cte_foc_19980803_0012 cte_foc_19980611_0008 cts_foc_19980805_0014 cdn_soc_19980716_0015 chd_ent_19981028_0006 chd_edu_19980805_0010 cte_foc_19980928_0013 chd_edu_19981021_0003 chd_edu_19981015_0001 chd_eco_19981007_0024 chd_edu_19981017_0022 cdn_foc_19981027_0001 chd_edu_19981102_0011 cts_foc_19981017_0021 chd_edu_19981017_0007 cdn_soc_19980806_0008 cts_soc_19980803_0007 cdn_foc_19980804_0003 cdn_soc_19981023_0013 chd_edu_19981027_0001 cdn_soc_19980710_0001 chd_soc_19981027_0004 chd_edu_19980804_0009 chd_edu_19981024_0015 chd_edu_19981001_0006 cdn_foc_19981017_0021 cte_foc_19981027_0011 cte_foc_19980605_0005 chd_edu_19981015_0009 cte_foc_19980803_0010 cts_soc_19981021_0015 cts_foc_19981014_0001 cts_foc_19980718_0020 cts_foc_19980929_0008 chd_edu_19981015_0004 cdn_soc_19981027_0002 cts_foc_19980804_0011 chd_pol_19981030_0006 cte_foc_19980804_0012 cdn_soc_19980929_0004 cdn_foc_19981017_0023 cte_foc_19981013_0015 cdn_soc_19981024_0002 cte_foc_19980927_0014 chd_soc_19990118_0014 chd_edu_19981017_0020 chd_soc_19980608_0001 cdn_foc_19981015_0002 cdn_loc_19981017_0002 chd_edu_19981012_0006 cts_foc_19981016_0008 chd_soc_19981028_0010 cdn_foc_19981028_0030 cte_foc_19981012_0002 chd_edu_19981028_0020 cdn_soc_19980711_0007 cdn_soc_19980711_0005 cdn_foc_19981021_0003 cts_soc_19981015_0024 cte_foc_19980709_0006 chd_edu_19980930_0003 cdn_foc_19981017_0017 cdn_foc_19980805_0003 chd_edu_19981015_0003 chd_soc_19981015_0001 cte_foc_19981014_0008 chd_edu_19981028_0015 cdn_foc_19981022_0023 cts_foc_19981016_0025 cts_soc_19980919_0010 chd_edu_19981015_0007 cdn_loc_19981027_0005 cts_soc_19980711_0004 cts_foc_19981026_0004 ctc_tec_19981016_0009 chd_edu_19981024_0010 cdn_loc_19981027_0001 
30,ctc_tec_19981119_0010 ctc_tec_19981116_0009 cts_soc_19981119_0003 cdn_edu_19981008_0001 cts_foc_19981124_0012 ctc_ser_19990605_0007 cts_soc_19980915_0002 chd_eco_19980928_0025 chd_edu_19990108_0004 cts_eco_19981124_0002 cdn_soc_19981015_0010 cts_soc_19980814_0002 ctc_foc_19981026_0001 chd_pol_19981105_0026 ctc_tec_19980916_0008 chd_eco_19981116_0005 cdn_eco_19990127_0003 ctc_dep_19980821_0004 cdn_eco_19980812_0005 cts_soc_19980819_0020 chd_pol_19990504_0017 cdn_soc_19980711_0017 chd_eco_19990324_0023 ctc_dep_19990127_0008 ctc_dep_19980909_0004 ctc_eco_19990317_0001 cts_soc_19980811_0008 ctc_sto_19980713_0018 cdn_chi_19980602_0007 cdn_soc_19981122_0009 chd_pol_19980815_0012 cts_soc_19980811_0002 ctc_foc_19981122_0021 ctc_tec_19981116_0010 cte_sto_19990228_0004 ctc_cgo_19990108_0001 cdn_soc_19980725_0003 ctc_foc_19981016_0008 ctc_tec_19980701_0006 ctc_foc_19980811_0002 ctc_ser_19990605_0008 ctc_tec_19981119_0009 ctc_tec_19980608_0007 ctc_tec_19990111_0004 ctc_tec_19980825_0005 ctc_tec_19981124_0001 ctc_tec_19981124_0006 cts_soc_19990115_0005 ctc_tec_19980910_0007 chd_edu_19981122_0003 ctc_tec_19980914_0003 ctc_dep_19980813_0006 cts_eco_19980806_0010 ctc_fin_19990102_0013 ctc_tec_19981013_0002 ctc_mnf_19990404_0014 ctc_mnf_19990506_0005 ctc_chi_19980914_0003 ctc_sto_19981009_0007 chd_soc_19990301_0009 ctc_sto_19980608_0007 chd_edu_19990324_0010 ctc_fin_19980926_0007 ctc_sto_19980525_0009 chd_edu_19980617_0010 ctc_tec_19980814_0011 chd_eco_19990502_0002 cts_eco_19990315_0005 ctc_tec_19980912_0004 cts_soc_19981122_0010 chd_eco_19981231_0020 ctc_sto_19980918_0011 ctc_mnf_19981213_0003 cts_eco_19980802_0007 cdn_soc_19980816_0011 cts_soc_19990108_0007 ctc_tec_19980815_0006 cdn_chi_19990221_0005 cdn_eco_19980813_0001 ctc_tec_19980520_0002 ctc_sto_19980904_0024 cts_foc_19980821_0015 chd_eco_19981215_0020 cts_eco_19980813_0011 ctc_foc_19981123_0005 ctc_tec_19980729_0002 ctc_sto_19980618_0013 chd_pol_19981230_0014 chd_eco_19980620_0023 cdn_eco_19990102_0012 cdn_foc_19990111_0028 cte_sto_19990401_0001 cts_soc_19990429_0008 cdn_soc_19990419_0015 ctc_dep_19980713_0005 ctc_tec_19990315_0001 ctc_foc_19981216_0014 ctc_fin_19981012_0008 ctc_sto_19981013_0019 ctc_cgo_19990223_0007 
